{
  "project_info": {
    "project_number": "753542742317",
    "firebase_url": "https://asistentul-tau.firebaseio.com",
    "project_id": "asistentul-tau",
    "storage_bucket": "asistentul-tau.appspot.com"
  },
  "client": [
    {
      "client_info": {
        "mobilesdk_app_id": "1:753542742317:android:d606a01ba31fd742cf13a4",
        "android_client_info": {
          "package_name": "com.example.asistentultau"
        }
      },
      "oauth_client": [
        {
          "client_id": "753542742317-6elpa7o6vorjbc6umjtll7emqld0d38u.apps.googleusercontent.com",
          "client_type": 3
        }
      ],
      "api_key": [
        {
          "current_key": "AIzaSyD8pRy2B0V-skS0fbLjjj5v4npfv4de6YU"
        }
      ],
      "services": {
        "appinvite_service": {
          "other_platform_oauth_client": [
            {
              "client_id": "753542742317-6elpa7o6vorjbc6umjtll7emqld0d38u.apps.googleusercontent.com",
              "client_type": 3
            }
          ]
        }
      }
    }
  ],
  "configuration_version": "1"
}